Fixture ID,Date,Match,Home Odd,Draw Odd,Away Odd,Home Win Prob,Draw Prob,Away Win Prob,Prediction
19428102,2026-01-20 19:45:00,"Livingston vs St. Mirren",2.84,3.15,2.5,0.352,0.317,0.331,AWAY_WIN
19428171,2026-01-24 15:00:00,"Aberdeen vs Livingston",1.84,3.45,4.2,0.543,0.29,0.167,HOME_WIN
19428172,2026-01-24 15:00:00,"Dundee United vs St. Mirren",2.46,3.1,2.92,0.406,0.323,0.271,HOME_WIN
19428173,2026-01-24 15:00:00,"Falkirk vs Hibernian",3.1,3.3,2.26,0.294,0.273,0.433,AWAY_WIN
19428175,2026-01-24 15:00:00,"Motherwell vs Kilmarnock",1.47,4,7,0.68,0.25,0.07,HOME_WIN
19428174,2026-01-25 15:00:00,"Hearts vs Celtic",2.8,3.45,2.36,0.357,0.29,0.353,AWAY_WIN
19428176,2026-01-25 15:00:00,"Rangers vs Dundee",1.22,5.75,13,0.75,0.15,0.1,HOME_WIN
19428180,2026-01-31 15:00:00,"Kilmarnock vs Aberdeen",2.92,3.12,2.47,0.342,0.321,0.337,AWAY_WIN
19428181,2026-01-31 15:00:00,"Livingston vs Motherwell",3.67,3.38,2,0.273,0.296,0.431,AWAY_WIN
19428182,2026-01-31 15:00:00,"St. Mirren vs Dundee",1.68,3.54,5.28,0.595,0.282,0.123,HOME_WIN
19428178,2026-01-31 20:00:00,"Dundee United vs Hearts",4.75,3.58,1.73,0.2109,0.2791,0.51,AWAY_WIN
19428179,2026-02-01 14:00:00,"Hibernian vs Rangers",2.87,3.32,2.39,0.348,0.301,0.351,AWAY_WIN
19428177,2026-02-01 15:00:00,"Celtic vs Falkirk",1.28,5.2,10.6,0.75,0.18,0.07,HOME_WIN
19428188,2026-02-03 20:00:00,"St. Mirren vs Hearts",4.75,3.6,1.7,0.2109,0.2778,0.5113,AWAY_WIN
19428184,2026-02-04 19:45:00,"Dundee vs Motherwell",4.75,3.5,1.7,0.2109,0.2857,0.5034,AWAY_WIN
19428185,2026-02-04 19:45:00,"Hibernian vs Dundee United",1.57,3.9,5.5,0.636,0.256,0.181,HOME_WIN
19428186,2026-02-04 19:45:00,"Livingston vs Falkirk",2.7,3.25,2.55,0.425,0.305,0.27,HOME_WIN
19428187,2026-02-04 19:45:00,"Rangers vs Kilmarnock",1.28,5,11,0.75,0.18,0.07,HOME_WIN
19428183,2026-02-04 20:00:00,"Aberdeen vs Celtic",5.5,4.1,1.55,0.1818,0.2439,0.5743,AWAY_WIN
19425675,2026-02-06 18:00:00,"AGF vs Odense BK",1.61,4,5.25,0.589,0.238,0.173,HOME_WIN
19425678,2026-02-08 13:00:00,"Nordsjælland vs Sønderjyske Fodbold",1.83,3.5,4.2,0.546,0.286,0.238,HOME_WIN
19425679,2026-02-08 13:00:00,"Silkeborg IF vs Viborg FF",2.6,3.5,2.6,0.3846,0.2857,0.3846,HOME_WIN
19425677,2026-02-08 15:00:00,"FC Midtjylland vs FC København",2,3.7,3.4,0.455,0.25,0.295,HOME_WIN
19425676,2026-02-08 17:00:00,"Brøndby IF vs Randers FC",1.7,3.9,4.5,0.588,0.256,0.156,HOME_WIN
